Text,API,Time,WER,MER,WIL
Comiendo moscas,sphinx,1.3121998310089111,2.5,1.0,1.0
Comiendo moscas,google,1.5458250045776367,0.0,0.0,0.0
Comiendo moscas,whisper,3.8470618724823,0.5,0.3333333333333333,0.3333333333333333
Comiendo moscas,wit,1.793572187423706,0.0,0.0,0.0
Comiendo moscas,google_cloud,2.1226601600646973,0.0,0.0,0.0
Comiendo moscas,azure,3.326658010482788,0.0,0.0,0.0
Comiendo moscas,houndify,1.887976884841919,1.5,0.75,0.875
Comiendo moscas,voicegain,3.816855192184448,0.0,0.0,0.0
Comiendo moscas,picovoice,0.2132899761199951,2.0,1.0,1.0
Comiendo moscas,openai_whisper,1.6403768062591553,0.0,0.0,0.0
Comiendo moscas,vosk,0.226398229598999,0.0,0.0,0.0
Comiendo moscas,assemblyai,16.0063259601593,0.0,0.0,0.0
Comiendo moscas,aws,14.880182981491089,0.0,0.0,0.0
Comiendo moscas,deepgram,1.5294818878173828,0.0,0.0,0.0
¿Cuál es tu cancion favorita?,sphinx,2.827035903930664,1.2,1.0,1.0
¿Cuál es tu cancion favorita?,google,1.3712341785430908,0.0,0.0,0.0
¿Cuál es tu cancion favorita?,whisper,1.2646830081939695,0.0,0.0,0.0
¿Cuál es tu cancion favorita?,wit,1.8534839153289795,0.0,0.0,0.0
¿Cuál es tu cancion favorita?,google_cloud,1.5705769062042236,0.0,0.0,0.0
¿Cuál es tu cancion favorita?,azure,3.527006149291992,0.0,0.0,0.0
¿Cuál es tu cancion favorita?,houndify,2.0723190307617188,0.4,0.4,0.64
¿Cuál es tu cancion favorita?,voicegain,3.89215898513794,0.0,0.0,0.0
¿Cuál es tu cancion favorita?,picovoice,0.2969288825988769,1.6,1.0,1.0
¿Cuál es tu cancion favorita?,openai_whisper,1.338551044464111,0.0,0.0,0.0
¿Cuál es tu cancion favorita?,vosk,0.2657098770141601,0.0,0.0,0.0
¿Cuál es tu cancion favorita?,assemblyai,16.199047803878784,0.0,0.0,0.0
¿Cuál es tu cancion favorita?,aws,16.75153684616089,0.0,0.0,0.0
¿Cuál es tu cancion favorita?,deepgram,1.6766951084136963,0.0,0.0,0.0
¿Cuál es tu libro favorito?,sphinx,1.853248119354248,1.2,1.0,1.0
¿Cuál es tu libro favorito?,google,1.4026670455932615,0.0,0.0,0.0
¿Cuál es tu libro favorito?,whisper,1.213637113571167,0.0,0.0,0.0
¿Cuál es tu libro favorito?,wit,2.0647401809692383,0.0,0.0,0.0
¿Cuál es tu libro favorito?,google_cloud,1.538689136505127,0.0,0.0,0.0
¿Cuál es tu libro favorito?,azure,2.843208074569702,0.0,0.0,0.0
¿Cuál es tu libro favorito?,houndify,2.171721935272217,0.2,0.2,0.3599999999999999
¿Cuál es tu libro favorito?,voicegain,4.094377040863037,0.0,0.0,0.0
¿Cuál es tu libro favorito?,picovoice,0.4403707981109619,1.0,1.0,1.0
¿Cuál es tu libro favorito?,openai_whisper,1.296558856964111,0.0,0.0,0.0
¿Cuál es tu libro favorito?,vosk,0.4075109958648681,0.0,0.0,0.0
¿Cuál es tu libro favorito?,assemblyai,16.61497974395752,0.0,0.0,0.0
¿Cuál es tu libro favorito?,aws,16.73364806175232,0.0,0.0,0.0
¿Cuál es tu libro favorito?,deepgram,1.9880330562591555,0.0,0.0,0.0
¿Cuál es tu pelicula favorita?,sphinx,1.871739149093628,1.6,1.0,1.0
¿Cuál es tu pelicula favorita?,google,1.8213481903076167,0.0,0.0,0.0
¿Cuál es tu pelicula favorita?,whisper,1.547563076019287,0.6,0.6,0.8
¿Cuál es tu pelicula favorita?,wit,1.9745447635650637,0.0,0.0,0.0
¿Cuál es tu pelicula favorita?,google_cloud,1.549022912979126,0.0,0.0,0.0
¿Cuál es tu pelicula favorita?,azure,2.9526500701904297,0.0,0.0,0.0
¿Cuál es tu pelicula favorita?,houndify,2.143474817276001,0.2,0.2,0.3599999999999999
¿Cuál es tu pelicula favorita?,voicegain,3.9419798851013184,0.2,0.2,0.1999999999999999
¿Cuál es tu pelicula favorita?,picovoice,0.341379165649414,1.0,1.0,1.0
¿Cuál es tu pelicula favorita?,openai_whisper,1.9106812477111816,0.0,0.0,0.0
¿Cuál es tu pelicula favorita?,vosk,0.3077600002288818,0.0,0.0,0.0
¿Cuál es tu pelicula favorita?,assemblyai,15.857164144515991,0.0,0.0,0.0
¿Cuál es tu pelicula favorita?,aws,16.742326974868774,0.0,0.0,0.0
¿Cuál es tu pelicula favorita?,deepgram,2.196036100387573,0.0,0.0,0.0
¿De donde eres?,sphinx,1.5384128093719482,1.0,1.0,1.0
¿De donde eres?,google,1.0765268802642822,0.0,0.0,0.0
¿De donde eres?,whisper,1.368031024932861,0.3333333333333333,0.3333333333333333,0.5555555555555556
¿De donde eres?,wit,1.9300549030303955,0.0,0.0,0.0
¿De donde eres?,google_cloud,1.0901312828063965,0.0,0.0,0.0
¿De donde eres?,azure,2.596226215362549,0.0,0.0,0.0
¿De donde eres?,houndify,1.6764140129089355,1.6666666666666667,1.0,1.0
¿De donde eres?,voicegain,3.5945990085601807,0.3333333333333333,0.3333333333333333,0.5555555555555556
¿De donde eres?,picovoice,0.1657211780548095,1.6666666666666667,1.0,1.0
¿De donde eres?,openai_whisper,1.560518741607666,0.3333333333333333,0.3333333333333333,0.5555555555555556
¿De donde eres?,vosk,0.2129101753234863,0.6666666666666666,0.6666666666666666,0.8333333333333334
¿De donde eres?,assemblyai,16.18682336807251,0.3333333333333333,0.3333333333333333,0.5555555555555556
¿De donde eres?,aws,18.770221948623657,0.3333333333333333,0.3333333333333333,0.5555555555555556
¿De donde eres?,deepgram,1.3517520427703855,0.0,0.0,0.0
De nada,sphinx,0.981158971786499,1.5,1.0,1.0
De nada,google,1.1374599933624268,0.0,0.0,0.0
De nada,whisper,1.5398359298706057,0.0,0.0,0.0
De nada,wit,1.7085890769958496,0.0,0.0,0.0
De nada,google_cloud,1.0045969486236572,0.0,0.0,0.0
De nada,azure,2.646963834762573,0.0,0.0,0.0
De nada,houndify,1.432976245880127,0.0,0.0,0.0
De nada,voicegain,3.0429351329803467,0.0,0.0,0.0
De nada,picovoice,0.1308889389038086,1.0,1.0,1.0
De nada,openai_whisper,1.3001608848571775,0.0,0.0,0.0
De nada,vosk,0.1346049308776855,0.0,0.0,0.0
De nada,assemblyai,15.827446937561035,0.0,0.0,0.0
De nada,aws,16.55168390274048,0.0,0.0,0.0
De nada,deepgram,1.867058038711548,0.0,0.0,0.0
Disculpa,sphinx,0.8458170890808105,3.0,1.0,1.0
Disculpa,google,1.10172700881958,0.0,0.0,0.0
Disculpa,whisper,1.212040901184082,1.0,1.0,1.0
Disculpa,wit,1.4544720649719238,0.0,0.0,0.0
Disculpa,google_cloud,1.0707881450653076,1.0,1.0,1.0
Disculpa,azure,2.533863067626953,0.0,0.0,0.0
Disculpa,houndify,1.5429949760437012,2.0,1.0,1.0
Disculpa,voicegain,3.184277057647705,1.0,0.5,0.5
Disculpa,picovoice,0.1603410243988037,2.0,1.0,1.0
Disculpa,openai_whisper,1.6087980270385742,0.0,0.0,0.0
Disculpa,vosk,0.1528677940368652,2.0,1.0,1.0
Disculpa,assemblyai,15.801621913909912,0.0,0.0,0.0
Disculpa,aws,15.334614992141724,0.0,0.0,0.0
Disculpa,deepgram,2.281146049499512,1.0,1.0,1.0
¿Dónde está el baño?,sphinx,1.233556032180786,1.25,1.0,1.0
¿Dónde está el baño?,google,1.105436086654663,0.0,0.0,0.0
¿Dónde está el baño?,whisper,1.360029220581055,0.0,0.0,0.0
¿Dónde está el baño?,wit,2.079749822616577,0.0,0.0,0.0
¿Dónde está el baño?,google_cloud,2.113655805587769,0.0,0.0,0.0
¿Dónde está el baño?,azure,3.0609610080718994,0.0,0.0,0.0
¿Dónde está el baño?,houndify,1.624988079071045,0.0,0.0,0.0
¿Dónde está el baño?,voicegain,3.503548145294189,0.0,0.0,0.0
¿Dónde está el baño?,picovoice,0.2430338859558105,1.0,1.0,1.0
¿Dónde está el baño?,openai_whisper,1.605247974395752,0.0,0.0,0.0
¿Dónde está el baño?,vosk,0.2294919490814209,0.25,0.25,0.4375
¿Dónde está el baño?,assemblyai,16.031081199645996,0.0,0.0,0.0
¿Dónde está el baño?,aws,18.56122589111328,0.25,0.25,0.4375
¿Dónde está el baño?,deepgram,1.6371688842773438,0.0,0.0,0.0
¿Dónde vives?,sphinx,0.906285047531128,1.0,1.0,1.0
¿Dónde vives?,google,1.0428798198699951,0.5,0.5,0.75
¿Dónde vives?,whisper,1.459285020828247,0.5,0.5,0.75
¿Dónde vives?,wit,1.8286516666412356,1.0,1.0,1.0
¿Dónde vives?,google_cloud,1.625243902206421,0.0,0.0,0.0
¿Dónde vives?,azure,2.5913689136505127,0.5,0.5,0.75
¿Dónde vives?,houndify,1.5241851806640625,1.5,1.0,1.0
¿Dónde vives?,voicegain,2.8928840160369877,0.5,0.5,0.75
¿Dónde vives?,picovoice,0.1572949886322021,1.0,1.0,1.0
¿Dónde vives?,openai_whisper,1.4692530632019043,0.5,0.5,0.75
¿Dónde vives?,vosk,0.2727770805358886,0.5,0.5,0.75
¿Dónde vives?,assemblyai,16.207670211791992,1.5,1.0,1.0
¿Dónde vives?,aws,16.43143081665039,0.5,0.5,0.75
¿Dónde vives?,deepgram,2.1216068267822266,1.0,1.0,1.0
¿En qué te trabajas?,sphinx,1.5808820724487305,1.25,1.0,1.0
¿En qué te trabajas?,google,1.3419358730316162,0.0,0.0,0.0
¿En qué te trabajas?,whisper,1.6122169494628906,0.75,0.75,0.9166666666666666
¿En qué te trabajas?,wit,2.9138808250427246,0.0,0.0,0.0
¿En qué te trabajas?,google_cloud,1.945240020751953,0.75,0.75,0.9375
¿En qué te trabajas?,azure,3.17341685295105,0.0,0.0,0.0
¿En qué te trabajas?,houndify,1.8606610298156736,1.0,1.0,1.0
¿En qué te trabajas?,voicegain,3.490175008773804,0.0,0.0,0.0
¿En qué te trabajas?,picovoice,0.219383955001831,1.25,1.0,1.0
¿En qué te trabajas?,openai_whisper,1.6281449794769287,0.0,0.0,0.0
¿En qué te trabajas?,vosk,0.2936320304870605,0.25,0.25,0.25
¿En qué te trabajas?,assemblyai,16.33470892906189,0.0,0.0,0.0
¿En qué te trabajas?,aws,16.189534902572632,0.5,0.5,0.6666666666666667
¿En qué te trabajas?,deepgram,1.732701063156128,0.0,0.0,0.0
¿Es esto correcto?,sphinx,1.7086379528045654,1.3333333333333333,1.0,1.0
¿Es esto correcto?,google,1.2985961437225342,0.0,0.0,0.0
¿Es esto correcto?,whisper,1.3170108795166016,0.0,0.0,0.0
¿Es esto correcto?,wit,1.893531322479248,0.0,0.0,0.0
¿Es esto correcto?,google_cloud,2.021883726119995,0.0,0.0,0.0
¿Es esto correcto?,azure,2.6963040828704834,0.0,0.0,0.0
¿Es esto correcto?,houndify,1.7432129383087158,0.0,0.0,0.0
¿Es esto correcto?,voicegain,3.332688093185425,0.6666666666666666,0.6666666666666666,0.8333333333333334
¿Es esto correcto?,picovoice,0.2895228862762451,0.6666666666666666,0.6666666666666666,0.8888888888888888
¿Es esto correcto?,openai_whisper,1.4781379699707031,0.0,0.0,0.0
¿Es esto correcto?,vosk,0.3248209953308105,0.0,0.0,0.0
¿Es esto correcto?,assemblyai,16.66861319541931,0.0,0.0,0.0
¿Es esto correcto?,aws,18.145913124084476,0.6666666666666666,0.5,0.6666666666666667
¿Es esto correcto?,deepgram,1.7689321041107178,0.0,0.0,0.0
¿Estas lista?,sphinx,1.128089189529419,1.5,1.0,1.0
¿Estas lista?,google,0.9138050079345704,0.0,0.0,0.0
¿Estas lista?,whisper,1.2389979362487793,0.0,0.0,0.0
¿Estas lista?,wit,1.0616707801818848,0.0,0.0,0.0
¿Estas lista?,google_cloud,2.055294752120972,0.5,0.5,0.75
¿Estas lista?,azure,2.7513341903686523,0.0,0.0,0.0
¿Estas lista?,houndify,1.685432195663452,0.0,0.0,0.0
¿Estas lista?,voicegain,3.3507299423217773,0.0,0.0,0.0
¿Estas lista?,picovoice,0.2499849796295166,1.5,1.0,1.0
¿Estas lista?,openai_whisper,1.4963436126708984,0.0,0.0,0.0
¿Estas lista?,vosk,0.1976909637451172,0.0,0.0,0.0
¿Estas lista?,assemblyai,19.894038915634155,0.0,0.0,0.0
¿Estas lista?,aws,15.19450306892395,0.0,0.0,0.0
¿Estas lista?,deepgram,1.7286620140075684,0.0,0.0,0.0
¿Estas listo?,sphinx,1.436513900756836,2.0,1.0,1.0
¿Estas listo?,google,1.3108758926391602,0.0,0.0,0.0
¿Estas listo?,whisper,1.2311460971832275,0.0,0.0,0.0
¿Estas listo?,wit,1.9416179656982424,0.0,0.0,0.0
¿Estas listo?,google_cloud,1.9458138942718504,0.0,0.0,0.0
¿Estas listo?,azure,2.7762339115142822,0.0,0.0,0.0
¿Estas listo?,houndify,1.6026830673217771,1.0,1.0,1.0
¿Estas listo?,voicegain,3.310368061065674,0.5,0.3333333333333333,0.3333333333333333
¿Estas listo?,picovoice,0.2395858764648437,1.5,1.0,1.0
¿Estas listo?,openai_whisper,2.0741078853607178,0.0,0.0,0.0
¿Estas listo?,vosk,0.2713270187377929,0.0,0.0,0.0
¿Estas listo?,assemblyai,17.575666904449463,0.0,0.0,0.0
¿Estas listo?,aws,17.385020971298218,0.0,0.0,0.0
¿Estas listo?,deepgram,1.86334490776062,0.0,0.0,0.0
¿Estoy perdido?,sphinx,1.502119779586792,2.5,1.0,1.0
¿Estoy perdido?,google,1.4378859996795654,0.0,0.0,0.0
¿Estoy perdido?,whisper,1.3063418865203855,1.0,0.6666666666666666,0.8333333333333334
¿Estoy perdido?,wit,2.17908787727356,0.0,0.0,0.0
¿Estoy perdido?,google_cloud,6.244605779647827,0.0,0.0,0.0
¿Estoy perdido?,azure,3.3046979904174805,0.0,0.0,0.0
¿Estoy perdido?,houndify,1.748138189315796,0.0,0.0,0.0
¿Estoy perdido?,voicegain,3.239686250686645,0.5,0.3333333333333333,0.3333333333333333
¿Estoy perdido?,picovoice,0.3784177303314209,0.0,0.0,0.0
¿Estoy perdido?,openai_whisper,1.899397134780884,0.0,0.0,0.0
¿Estoy perdido?,vosk,0.1936979293823242,0.0,0.0,0.0
¿Estoy perdido?,assemblyai,16.109698057174683,0.0,0.0,0.0
¿Estoy perdido?,aws,16.489580154418945,0.0,0.0,0.0
¿Estoy perdido?,deepgram,1.3746721744537354,0.0,0.0,0.0
¿Cómo te llamas?,sphinx,1.4649670124053955,1.6666666666666667,1.0,1.0
¿Cómo te llamas?,google,1.276520013809204,0.0,0.0,0.0
¿Cómo te llamas?,whisper,3.404646873474121,0.0,0.0,0.0
¿Cómo te llamas?,wit,1.6528592109680176,0.0,0.0,0.0
¿Cómo te llamas?,google_cloud,1.6308190822601318,0.0,0.0,0.0
¿Cómo te llamas?,azure,2.839905977249145,0.0,0.0,0.0
¿Cómo te llamas?,houndify,1.5166139602661133,0.0,0.0,0.0
¿Cómo te llamas?,voicegain,3.401762008666992,0.0,0.0,0.0
¿Cómo te llamas?,picovoice,0.1758472919464111,1.0,1.0,1.0
¿Cómo te llamas?,openai_whisper,1.564689874649048,0.0,0.0,0.0
¿Cómo te llamas?,vosk,0.2480940818786621,0.0,0.0,0.0
¿Cómo te llamas?,assemblyai,18.90546488761902,0.0,0.0,0.0
¿Cómo te llamas?,aws,17.261343955993652,0.0,0.0,0.0
¿Cómo te llamas?,deepgram,1.780156135559082,0.0,0.0,0.0
¿Cómo estás?,sphinx,3.737989902496338,2.0,1.0,1.0
¿Cómo estás?,google,1.7546072006225586,0.0,0.0,0.0
¿Cómo estás?,whisper,1.1104629039764404,1.0,0.6666666666666666,0.8333333333333334
¿Cómo estás?,wit,12.541559219360352,0.0,0.0,0.0
¿Cómo estás?,google_cloud,2.5615692138671875,0.0,0.0,0.0
¿Cómo estás?,azure,3.4805800914764404,0.5,0.3333333333333333,0.3333333333333333
¿Cómo estás?,houndify,2.146847009658813,0.0,0.0,0.0
¿Cómo estás?,voicegain,4.029283761978149,0.0,0.0,0.0
¿Cómo estás?,picovoice,0.5270218849182129,1.0,1.0,1.0
¿Cómo estás?,openai_whisper,0.982882022857666,0.0,0.0,0.0
¿Cómo estás?,vosk,0.2402319908142089,0.0,0.0,0.0
¿Cómo estás?,assemblyai,17.14104390144348,0.0,0.0,0.0
¿Cómo estás?,aws,19.32634210586548,0.0,0.0,0.0
¿Cómo estás?,deepgram,1.3861229419708252,0.0,0.0,0.0
A dónde vas,sphinx,1.1150071620941162,1.3333333333333333,1.0,1.0
A dónde vas,google,1.2416319847106934,0.0,0.0,0.0
A dónde vas,whisper,1.2069642543792725,0.6666666666666666,0.6666666666666666,0.8333333333333334
A dónde vas,wit,2.8521969318389893,0.0,0.0,0.0
A dónde vas,google_cloud,1.2288451194763184,0.6666666666666666,0.6666666666666666,0.8333333333333334
A dónde vas,azure,2.763909816741944,0.0,0.0,0.0
A dónde vas,houndify,1.609001874923706,1.0,1.0,1.0
A dónde vas,voicegain,3.407090902328491,0.0,0.0,0.0
A dónde vas,picovoice,0.1581819057464599,1.3333333333333333,1.0,1.0
A dónde vas,openai_whisper,0.7767999172210693,0.6666666666666666,0.6666666666666666,0.8333333333333334
A dónde vas,vosk,0.134321928024292,0.6666666666666666,0.6666666666666666,0.8333333333333334
A dónde vas,assemblyai,16.509886026382446,0.0,0.0,0.0
A dónde vas,aws,18.164618015289307,0.0,0.0,0.0
A dónde vas,deepgram,1.8902482986450195,0.0,0.0,0.0
Alto,sphinx,1.9025368690490725,1.0,1.0,1.0
Alto,google,1.1368210315704346,0.0,0.0,0.0
Alto,whisper,1.6989779472351074,0.0,0.0,0.0
Alto,wit,1.811584949493408,1.0,1.0,1.0
Alto,google_cloud,1.7418811321258545,1.0,1.0,1.0
Alto,azure,3.055799961090088,0.0,0.0,0.0
Alto,houndify,1.4491000175476074,1.0,1.0,1.0
Alto,voicegain,3.070788145065308,0.0,0.0,0.0
Alto,picovoice,0.1204679012298584,1.0,1.0,1.0
Alto,openai_whisper,13.01230001449585,0.0,0.0,0.0
Alto,vosk,0.1203510761260986,0.0,0.0,0.0
Alto,assemblyai,17.47434687614441,0.0,0.0,0.0
Alto,aws,15.343178987503052,0.0,0.0,0.0
Alto,deepgram,1.6729929447174072,1.0,1.0,1.0
¿A qué hora es?,sphinx,1.7323849201202393,1.0,1.0,1.0
¿A qué hora es?,google,1.1402161121368408,0.0,0.0,0.0
¿A qué hora es?,whisper,1.2535018920898438,0.25,0.25,0.4375
¿A qué hora es?,wit,1.869217157363892,0.0,0.0,0.0
¿A qué hora es?,google_cloud,2.048411130905152,1.0,1.0,1.0
¿A qué hora es?,azure,3.2768871784210205,0.0,0.0,0.0
¿A qué hora es?,houndify,2.0646259784698486,1.0,1.0,1.0
¿A qué hora es?,voicegain,3.157089948654175,0.25,0.2,0.1999999999999999
¿A qué hora es?,picovoice,0.2871429920196533,1.0,1.0,1.0
¿A qué hora es?,openai_whisper,3.91121506690979,0.0,0.0,0.0
¿A qué hora es?,vosk,0.1744661331176757,0.0,0.0,0.0
¿A qué hora es?,assemblyai,18.435697078704838,0.0,0.0,0.0
¿A qué hora es?,aws,16.164397954940796,0.0,0.0,0.0
¿A qué hora es?,deepgram,2.2134251594543457,0.0,0.0,0.0
Bien hecho,sphinx,1.489398956298828,2.0,1.0,1.0
Bien hecho,google,1.2275190353393557,1.0,1.0,1.0
Bien hecho,whisper,3.24585509300232,3.0,1.0,1.0
Bien hecho,wit,2.052999973297119,0.0,0.0,0.0
Bien hecho,google_cloud,1.9473826885223389,0.0,0.0,0.0
Bien hecho,azure,9.010291814804075,0.0,0.0,0.0
Bien hecho,houndify,1.7409279346466064,1.5,1.0,1.0
Bien hecho,voicegain,3.069254875183105,1.5,1.0,1.0
Bien hecho,picovoice,0.1888899803161621,1.0,1.0,1.0
Bien hecho,openai_whisper,2.057447910308838,1.0,1.0,1.0
Bien hecho,vosk,0.2694337368011474,0.5,0.5,0.75
Bien hecho,assemblyai,16.54732608795166,1.0,1.0,1.0
Bien hecho,aws,14.806334018707275,1.0,0.6666666666666666,0.8333333333333334
Bien hecho,deepgram,1.5634770393371582,1.0,1.0,1.0
Bienvenido,sphinx,0.8120510578155518,3.0,1.0,1.0
Bienvenido,google,1.2195820808410645,0.0,0.0,0.0
Bienvenido,whisper,1.440505027770996,0.0,0.0,0.0
Bienvenido,wit,1.8587908744812007,0.0,0.0,0.0
Bienvenido,google_cloud,1.840721845626831,0.0,0.0,0.0
Bienvenido,azure,2.692906856536865,0.0,0.0,0.0
Bienvenido,houndify,1.7128136157989502,4.0,1.0,1.0
Bienvenido,voicegain,3.308839797973633,0.0,0.0,0.0
Bienvenido,picovoice,0.1617252826690673,3.0,1.0,1.0
Bienvenido,openai_whisper,1.411787033081055,0.0,0.0,0.0
Bienvenido,vosk,0.2166881561279297,2.0,1.0,1.0
Bienvenido,assemblyai,16.83235502243042,2.0,1.0,1.0
Bienvenido,aws,16.91959309577942,3.0,1.0,1.0
Bienvenido,deepgram,2.4967527389526367,1.0,1.0,1.0
Buena onda,sphinx,1.1249191761016846,1.5,1.0,1.0
Buena onda,google,1.2150330543518066,0.0,0.0,0.0
Buena onda,whisper,3.4113609790802,1.0,1.0,1.0
Buena onda,wit,1.8216040134429927,0.0,0.0,0.0
Buena onda,google_cloud,1.2206568717956543,1.5,1.0,1.0
Buena onda,azure,2.732598066329956,0.0,0.0,0.0
Buena onda,houndify,1.7729198932647705,2.0,1.0,1.0
Buena onda,voicegain,3.253381729125977,0.0,0.0,0.0
Buena onda,picovoice,0.1596629619598388,1.5,1.0,1.0
Buena onda,openai_whisper,1.6851539611816406,0.0,0.0,0.0
Buena onda,vosk,0.2601809501647949,0.0,0.0,0.0
Buena onda,assemblyai,19.689146995544437,0.0,0.0,0.0
Buena onda,aws,18.335123777389526,0.0,0.0,0.0
Buena onda,deepgram,1.6283860206604004,0.0,0.0,0.0
Buenas noches,sphinx,0.978590965270996,2.0,1.0,1.0
Buenas noches,google,1.0306522846221924,0.0,0.0,0.0
Buenas noches,whisper,1.4008913040161133,0.0,0.0,0.0
Buenas noches,wit,3.065058946609497,0.0,0.0,0.0
Buenas noches,google_cloud,1.0699570178985596,0.5,0.5,0.75
Buenas noches,azure,2.758076906204224,0.0,0.0,0.0
Buenas noches,houndify,1.5335779190063477,0.0,0.0,0.0
Buenas noches,voicegain,3.328218936920166,0.0,0.0,0.0
Buenas noches,picovoice,0.1673038005828857,2.0,1.0,1.0
Buenas noches,openai_whisper,1.979733943939209,0.0,0.0,0.0
Buenas noches,vosk,0.2912540435791015,0.0,0.0,0.0
Buenas noches,assemblyai,18.30735993385315,0.0,0.0,0.0
Buenas noches,aws,15.193902969360352,0.0,0.0,0.0
Buenas noches,deepgram,1.511362075805664,0.0,0.0,0.0
Buena suerte,sphinx,0.8770039081573486,1.5,1.0,1.0
Buena suerte,google,1.0276029109954834,0.0,0.0,0.0
Buena suerte,whisper,3.244697093963623,1.5,1.0,1.0
Buena suerte,wit,1.7699110507965088,0.0,0.0,0.0
Buena suerte,google_cloud,1.9488019943237305,0.0,0.0,0.0
Buena suerte,azure,2.784828186035156,0.0,0.0,0.0
Buena suerte,houndify,1.5130491256713867,0.0,0.0,0.0
Buena suerte,voicegain,3.1736319065093994,0.0,0.0,0.0
Buena suerte,picovoice,0.1864662170410156,2.0,1.0,1.0
Buena suerte,openai_whisper,1.657912015914917,0.0,0.0,0.0
Buena suerte,vosk,0.1857988834381103,0.0,0.0,0.0
Buena suerte,assemblyai,16.277455806732178,0.0,0.0,0.0
Buena suerte,aws,15.65900993347168,0.0,0.0,0.0
Buena suerte,deepgram,1.7891039848327637,0.0,0.0,0.0
Buen provecho,sphinx,0.9506690502166748,2.0,1.0,1.0
Buen provecho,google,1.389286994934082,0.0,0.0,0.0
Buen provecho,whisper,1.3793878555297852,1.0,1.0,1.0
Buen provecho,wit,1.6202058792114258,0.0,0.0,0.0
Buen provecho,google_cloud,1.8097350597381592,0.0,0.0,0.0
Buen provecho,azure,3.0636579990386963,0.0,0.0,0.0
Buen provecho,houndify,1.5381498336791992,0.0,0.0,0.0
Buen provecho,voicegain,3.2718429565429688,0.0,0.0,0.0
Buen provecho,picovoice,0.1897039413452148,1.5,1.0,1.0
Buen provecho,openai_whisper,1.6084091663360596,0.0,0.0,0.0
Buen provecho,vosk,0.2856030464172363,0.0,0.0,0.0
Buen provecho,assemblyai,17.29649305343628,0.0,0.0,0.0
Buen provecho,aws,17.00308609008789,1.5,1.0,1.0
Buen provecho,deepgram,1.765797138214111,0.0,0.0,0.0
Felicitaciones,sphinx,1.2276558876037598,5.0,1.0,1.0
Felicitaciones,google,1.5539770126342771,0.0,0.0,0.0
Felicitaciones,whisper,4.791985988616943,0.0,0.0,0.0
Felicitaciones,wit,3.1704471111297607,0.0,0.0,0.0
Felicitaciones,google_cloud,3.0851051807403564,2.0,1.0,1.0
Felicitaciones,azure,3.726396083831787,0.0,0.0,0.0
Felicitaciones,houndify,2.0789589881896973,2.0,1.0,1.0
Felicitaciones,voicegain,4.269137859344482,0.0,0.0,0.0
Felicitaciones,picovoice,0.3815498352050781,6.0,1.0,1.0
Felicitaciones,openai_whisper,8.010326147079468,1.0,1.0,1.0
Felicitaciones,vosk,0.2968239784240722,0.0,0.0,0.0
Felicitaciones,assemblyai,15.82825493812561,0.0,0.0,0.0
Felicitaciones,aws,18.4357488155365,0.0,0.0,0.0
Felicitaciones,deepgram,2.3867111206054688,0.0,0.0,0.0
Feliz cumpleaños,sphinx,1.5423269271850586,2.5,1.0,1.0
Feliz cumpleaños,google,1.1941261291503906,0.0,0.0,0.0
Feliz cumpleaños,whisper,1.3619933128356934,1.0,0.6666666666666666,0.8333333333333334
Feliz cumpleaños,wit,1.7533841133117676,0.0,0.0,0.0
Feliz cumpleaños,google_cloud,1.7871899604797363,0.0,0.0,0.0
Feliz cumpleaños,azure,2.789681911468506,0.0,0.0,0.0
Feliz cumpleaños,houndify,1.5741188526153564,0.0,0.0,0.0
Feliz cumpleaños,voicegain,3.506073236465454,0.0,0.0,0.0
Feliz cumpleaños,picovoice,0.2163619995117187,1.0,1.0,1.0
Feliz cumpleaños,openai_whisper,1.1564459800720217,0.5,0.5,0.75
Feliz cumpleaños,vosk,0.235260009765625,0.0,0.0,0.0
Feliz cumpleaños,assemblyai,15.831408739089966,0.0,0.0,0.0
Feliz cumpleaños,aws,19.51396679878235,0.0,0.0,0.0
Feliz cumpleaños,deepgram,1.2948329448699951,1.0,0.6666666666666666,0.8333333333333334
Genial,sphinx,1.5217900276184082,3.0,1.0,1.0
Genial,google,1.3478610515594482,0.0,0.0,0.0
Genial,whisper,1.3327219486236572,1.0,1.0,1.0
Genial,wit,1.8554661273956297,0.0,0.0,0.0
Genial,google_cloud,1.865238904953003,1.0,1.0,1.0
Genial,azure,2.485128879547119,0.0,0.0,0.0
Genial,houndify,1.6307342052459717,1.0,1.0,1.0
Genial,voicegain,3.0923449993133545,0.0,0.0,0.0
Genial,picovoice,0.1886742115020752,2.0,1.0,1.0
Genial,openai_whisper,1.5571720600128174,0.0,0.0,0.0
Genial,vosk,0.1934161186218261,1.0,1.0,1.0
Genial,assemblyai,9.894777059555054,0.0,0.0,0.0
Genial,aws,18.242412090301517,2.0,1.0,1.0
Genial,deepgram,1.118898868560791,1.0,1.0,1.0
Gracias,sphinx,0.9681661128997804,1.0,1.0,1.0
Gracias,google,0.8709557056427002,0.0,0.0,0.0
Gracias,whisper,1.2492852210998535,0.0,0.0,0.0
Gracias,wit,1.8047690391540527,0.0,0.0,0.0
Gracias,google_cloud,1.707204818725586,0.0,0.0,0.0
Gracias,azure,2.5948081016540527,0.0,0.0,0.0
Gracias,houndify,1.4093918800354004,0.0,0.0,0.0
Gracias,voicegain,3.0821659564971924,0.0,0.0,0.0
Gracias,picovoice,0.1605811119079589,2.0,1.0,1.0
Gracias,openai_whisper,0.8756730556488037,0.0,0.0,0.0
Gracias,vosk,0.1492791175842285,0.0,0.0,0.0
Gracias,assemblyai,11.017844200134276,0.0,0.0,0.0
Gracias,aws,14.590569019317629,0.0,0.0,0.0
Gracias,deepgram,1.0613141059875488,0.0,0.0,0.0
Hasta pronto,sphinx,2.794142961502075,1.5,1.0,1.0
Hasta pronto,google,1.30869722366333,0.0,0.0,0.0
Hasta pronto,whisper,1.3452389240264893,0.0,0.0,0.0
Hasta pronto,wit,2.016035795211792,0.0,0.0,0.0
Hasta pronto,google_cloud,1.425065994262695,0.0,0.0,0.0
Hasta pronto,azure,2.945823907852173,0.0,0.0,0.0
Hasta pronto,houndify,1.6610538959503174,0.0,0.0,0.0
Hasta pronto,voicegain,2.8882532119750977,0.5,0.3333333333333333,0.3333333333333333
Hasta pronto,picovoice,0.2086110115051269,1.0,0.6666666666666666,0.8333333333333334
Hasta pronto,openai_whisper,1.7171592712402344,0.0,0.0,0.0
Hasta pronto,vosk,0.1899919509887695,0.0,0.0,0.0
Hasta pronto,assemblyai,16.39778780937195,0.0,0.0,0.0
Hasta pronto,aws,15.207533836364746,0.0,0.0,0.0
Hasta pronto,deepgram,1.7598206996917725,0.0,0.0,0.0
Hola,sphinx,0.8111920356750488,2.0,1.0,1.0
Hola,google,1.1507337093353271,0.0,0.0,0.0
Hola,whisper,1.3200619220733645,0.0,0.0,0.0
Hola,wit,1.587130069732666,0.0,0.0,0.0
Hola,google_cloud,0.9744539260864258,0.0,0.0,0.0
Hola,azure,2.457217216491699,0.0,0.0,0.0
Hola,houndify,1.4971210956573486,0.0,0.0,0.0
Hola,voicegain,2.9252853393554688,0.0,0.0,0.0
Hola,picovoice,0.1534922122955322,1.0,1.0,1.0
Hola,openai_whisper,1.1838431358337402,0.0,0.0,0.0
Hola,vosk,0.1550848484039306,0.0,0.0,0.0
Hola,assemblyai,9.644325971603394,1.0,0.5,0.5
Hola,aws,19.48789000511169,0.0,0.0,0.0
Hola,deepgram,1.0807712078094482,1.0,1.0,1.0
Increíble,sphinx,1.0994739532470703,5.0,1.0,1.0
Increíble,google,0.9885821342468262,0.0,0.0,0.0
Increíble,whisper,1.2809081077575684,0.0,0.0,0.0
Increíble,wit,2.126279354095459,0.0,0.0,0.0
Increíble,google_cloud,2.174107789993286,1.0,1.0,1.0
Increíble,azure,2.9670610427856445,0.0,0.0,0.0
Increíble,houndify,1.6979610919952393,1.0,1.0,1.0
Increíble,voicegain,3.520513772964477,0.0,0.0,0.0
Increíble,picovoice,0.1917598247528076,2.0,1.0,1.0
Increíble,openai_whisper,8.20515489578247,0.0,0.0,0.0
Increíble,vosk,0.1608309745788574,0.0,0.0,0.0
Increíble,assemblyai,10.45325207710266,0.0,0.0,0.0
Increíble,aws,14.905064105987549,0.0,0.0,0.0
Increíble,deepgram,1.0652790069580078,0.0,0.0,0.0
Lo siento,sphinx,0.736656904220581,2.0,1.0,1.0
Lo siento,google,0.862102746963501,0.0,0.0,0.0
Lo siento,whisper,1.192576885223389,0.0,0.0,0.0
Lo siento,wit,2.1313202381134038,0.0,0.0,0.0
Lo siento,google_cloud,1.209080934524536,0.0,0.0,0.0
Lo siento,azure,2.918906688690185,0.0,0.0,0.0
Lo siento,houndify,1.5513410568237305,0.0,0.0,0.0
Lo siento,voicegain,4.557667970657349,0.0,0.0,0.0
Lo siento,picovoice,0.174990177154541,0.5,0.5,0.75
Lo siento,openai_whisper,1.5631811618804932,0.0,0.0,0.0
Lo siento,vosk,0.1928682327270507,0.0,0.0,0.0
Lo siento,assemblyai,10.411894083023071,0.0,0.0,0.0
Lo siento,aws,14.923288106918337,0.0,0.0,0.0
Lo siento,deepgram,1.2669379711151123,0.0,0.0,0.0
Mala leche,sphinx,0.7807760238647461,1.5,1.0,1.0
Mala leche,google,1.2035269737243652,0.5,0.5,0.75
Mala leche,whisper,1.3508679866790771,0.0,0.0,0.0
Mala leche,wit,2.266310930252075,0.0,0.0,0.0
Mala leche,google_cloud,1.953467845916748,0.0,0.0,0.0
Mala leche,azure,3.276628255844116,0.0,0.0,0.0
Mala leche,houndify,1.6042509078979492,1.0,1.0,1.0
Mala leche,voicegain,3.613659858703613,0.5,0.5,0.75
Mala leche,picovoice,0.1728267669677734,1.0,1.0,1.0
Mala leche,openai_whisper,1.473658800125122,0.0,0.0,0.0
Mala leche,vosk,0.2013099193572998,1.0,1.0,1.0
Mala leche,assemblyai,10.388712167739868,0.5,0.5,0.75
Mala leche,aws,16.033761024475098,0.5,0.5,0.75
Mala leche,deepgram,1.4485340118408203,0.5,0.5,0.75
Me encanta el café,sphinx,1.6448309421539309,1.0,1.0,1.0
Me encanta el café,google,1.4599838256835938,0.0,0.0,0.0
Me encanta el café,whisper,1.0108559131622314,0.0,0.0,0.0
Me encanta el café,wit,1.8528919219970703,0.0,0.0,0.0
Me encanta el café,google_cloud,1.3807449340820312,0.5,0.5,0.75
Me encanta el café,azure,2.917397737503052,0.0,0.0,0.0
Me encanta el café,houndify,1.7759389877319336,0.75,0.75,0.9375
Me encanta el café,voicegain,3.4073851108551025,0.0,0.0,0.0
Me encanta el café,picovoice,0.2244949340820312,1.0,1.0,1.0
Me encanta el café,openai_whisper,2.029582262039185,0.0,0.0,0.0
Me encanta el café,vosk,0.1906001567840576,0.0,0.0,0.0
Me encanta el café,assemblyai,10.529428958892822,0.0,0.0,0.0
Me encanta el café,aws,16.283190965652466,0.0,0.0,0.0
Me encanta el café,deepgram,1.4975838661193848,0.25,0.25,0.25
Me gusta ir al museo,sphinx,2.1530511379241943,1.6,1.0,1.0
Me gusta ir al museo,google,2.0522890090942383,0.0,0.0,0.0
Me gusta ir al museo,whisper,1.2867159843444824,0.0,0.0,0.0
Me gusta ir al museo,wit,3.047422409057617,0.0,0.0,0.0
Me gusta ir al museo,google_cloud,2.6406867504119877,1.0,1.0,1.0
Me gusta ir al museo,azure,3.2083561420440674,0.0,0.0,0.0
Me gusta ir al museo,houndify,2.9858577251434326,0.6,0.6,0.84
Me gusta ir al museo,voicegain,3.4265031814575195,0.2,0.1666666666666666,0.1666666666666666
Me gusta ir al museo,picovoice,0.5663712024688721,0.6,0.6,0.84
Me gusta ir al museo,openai_whisper,1.944260892868042,0.0,0.0,0.0
Me gusta ir al museo,vosk,0.4594790935516357,0.4,0.3333333333333333,0.4666666666666667
Me gusta ir al museo,assemblyai,11.722490072250366,0.0,0.0,0.0
Me gusta ir al museo,aws,20.76587915420532,0.6,0.5,0.7
Me gusta ir al museo,deepgram,2.5915791988372803,0.0,0.0,0.0
Me llamo Dani,sphinx,1.5682461261749268,1.0,1.0,1.0
Me llamo Dani,google,1.7178840637207031,0.0,0.0,0.0
Me llamo Dani,whisper,1.1749420166015625,0.3333333333333333,0.3333333333333333,0.5555555555555556
Me llamo Dani,wit,2.809633016586304,0.0,0.0,0.0
Me llamo Dani,google_cloud,2.863226890563965,1.0,1.0,1.0
Me llamo Dani,azure,3.5217690467834477,0.0,0.0,0.0
Me llamo Dani,houndify,2.838452816009521,0.6666666666666666,0.6666666666666666,0.8888888888888888
Me llamo Dani,voicegain,4.399464845657349,0.6666666666666666,0.5,0.6666666666666667
Me llamo Dani,picovoice,0.5647342205047607,0.6666666666666666,0.6666666666666666,0.8333333333333334
Me llamo Dani,openai_whisper,3.960392951965332,0.0,0.0,0.0
Me llamo Dani,vosk,0.3397598266601562,0.0,0.0,0.0
Me llamo Dani,assemblyai,10.273663997650146,0.3333333333333333,0.3333333333333333,0.5555555555555556
Me llamo Dani,aws,17.966104984283447,0.0,0.0,0.0
Me llamo Dani,deepgram,1.8477764129638672,0.0,0.0,0.0
Mucho gusto,sphinx,1.4451589584350586,1.5,1.0,1.0
Mucho gusto,google,1.4542829990386963,0.0,0.0,0.0
Mucho gusto,whisper,1.2677748203277588,0.0,0.0,0.0
Mucho gusto,wit,1.8832430839538572,0.0,0.0,0.0
Mucho gusto,google_cloud,1.916961908340454,0.0,0.0,0.0
Mucho gusto,azure,2.741157293319702,0.0,0.0,0.0
Mucho gusto,houndify,1.7485218048095703,0.0,0.0,0.0
Mucho gusto,voicegain,3.282155990600586,0.0,0.0,0.0
Mucho gusto,picovoice,0.2493739128112793,0.5,0.5,0.75
Mucho gusto,openai_whisper,1.1398882865905762,0.0,0.0,0.0
Mucho gusto,vosk,0.2274820804595947,0.0,0.0,0.0
Mucho gusto,assemblyai,15.870596885681152,0.0,0.0,0.0
Mucho gusto,aws,15.099754095077516,0.0,0.0,0.0
Mucho gusto,deepgram,1.9496071338653564,0.0,0.0,0.0
No entiendo,sphinx,1.131112813949585,1.0,0.6666666666666666,0.8333333333333334
No entiendo,google,1.275158166885376,0.0,0.0,0.0
No entiendo,whisper,3.1135289669036865,0.0,0.0,0.0
No entiendo,wit,2.3165149688720703,0.0,0.0,0.0
No entiendo,google_cloud,2.2721197605133057,0.0,0.0,0.0
No entiendo,azure,2.8467941284179688,0.0,0.0,0.0
No entiendo,houndify,1.5180890560150146,0.0,0.0,0.0
No entiendo,voicegain,3.177628755569458,0.0,0.0,0.0
No entiendo,picovoice,0.157297134399414,0.5,0.5,0.75
No entiendo,openai_whisper,1.6176397800445557,0.0,0.0,0.0
No entiendo,vosk,0.1849138736724853,0.0,0.0,0.0
No entiendo,assemblyai,10.064937114715576,0.0,0.0,0.0
No entiendo,aws,16.30378794670105,0.0,0.0,0.0
No entiendo,deepgram,1.9494071006774905,0.0,0.0,0.0
No hablo español,sphinx,1.6664302349090576,0.6666666666666666,0.6666666666666666,0.8888888888888888
No hablo español,google,1.3934788703918457,0.0,0.0,0.0
No hablo español,whisper,1.2387902736663818,0.3333333333333333,0.3333333333333333,0.5555555555555556
No hablo español,wit,3.051602840423584,0.0,0.0,0.0
No hablo español,google_cloud,2.415934801101685,0.0,0.0,0.0
No hablo español,azure,2.6018097400665283,0.0,0.0,0.0
No hablo español,houndify,2.055453062057495,0.3333333333333333,0.3333333333333333,0.5555555555555556
No hablo español,voicegain,3.6922669410705566,1.0,0.5,0.5
No hablo español,picovoice,0.4174730777740478,1.0,0.75,0.9166666666666666
No hablo español,openai_whisper,1.4898817539215088,0.0,0.0,0.0
No hablo español,vosk,0.2739529609680176,0.0,0.0,0.0
No hablo español,assemblyai,16.294996976852417,0.0,0.0,0.0
No hablo español,aws,14.26583695411682,0.0,0.0,0.0
No hablo español,deepgram,2.1689250469207764,0.0,0.0,0.0
No me interesa,sphinx,1.6250059604644775,1.0,0.75,0.9166666666666666
No me interesa,google,1.7274599075317385,0.0,0.0,0.0
No me interesa,whisper,1.5327839851379397,0.3333333333333333,0.3333333333333333,0.5555555555555556
No me interesa,wit,1.703420877456665,0.0,0.0,0.0
No me interesa,google_cloud,2.139883041381836,0.3333333333333333,0.3333333333333333,0.5555555555555556
No me interesa,azure,3.319722890853882,0.0,0.0,0.0
No me interesa,houndify,1.9124481678009035,0.3333333333333333,0.3333333333333333,0.5555555555555556
No me interesa,voicegain,3.2438790798187256,0.3333333333333333,0.3333333333333333,0.5555555555555556
No me interesa,picovoice,0.3761842250823974,1.0,0.75,0.9166666666666666
No me interesa,openai_whisper,1.7298800945281982,0.0,0.0,0.0
No me interesa,vosk,0.1887030601501464,0.6666666666666666,0.5,0.6666666666666667
No me interesa,assemblyai,9.960633754730225,0.3333333333333333,0.3333333333333333,0.5555555555555556
No me interesa,aws,16.67258071899414,0.3333333333333333,0.3333333333333333,0.5555555555555556
No me interesa,deepgram,1.4253339767456057,0.0,0.0,0.0
No sé,sphinx,1.3804931640625,0.5,0.5,0.75
No sé,google,1.17826509475708,0.0,0.0,0.0
No sé,whisper,1.3806281089782717,0.0,0.0,0.0
No sé,wit,2.284696102142334,0.0,0.0,0.0
No sé,google_cloud,1.9091918468475344,0.0,0.0,0.0
No sé,azure,2.422536849975586,0.0,0.0,0.0
No sé,houndify,1.677952766418457,1.0,1.0,1.0
No sé,voicegain,3.4757370948791504,0.0,0.0,0.0
No sé,picovoice,0.2554690837860107,1.0,1.0,1.0
No sé,openai_whisper,2.0111470222473145,0.0,0.0,0.0
No sé,vosk,0.1509339809417724,0.0,0.0,0.0
No sé,assemblyai,9.791778802871704,0.0,0.0,0.0
No sé,aws,16.246032238006592,0.0,0.0,0.0
No sé,deepgram,1.815669059753418,0.0,0.0,0.0
Nos vemos,sphinx,0.73384690284729,1.0,1.0,1.0
Nos vemos,google,1.404374122619629,0.0,0.0,0.0
Nos vemos,whisper,1.0143959522247314,0.0,0.0,0.0
Nos vemos,wit,1.596668004989624,0.0,0.0,0.0
Nos vemos,google_cloud,1.0804250240325928,0.0,0.0,0.0
Nos vemos,azure,2.670944929122925,0.0,0.0,0.0
Nos vemos,houndify,1.5988781452178955,1.0,1.0,1.0
Nos vemos,voicegain,3.9213340282440186,0.0,0.0,0.0
Nos vemos,picovoice,0.1520581245422363,1.5,1.0,1.0
Nos vemos,openai_whisper,1.940284013748169,0.0,0.0,0.0
Nos vemos,vosk,0.3362770080566406,0.5,0.5,0.75
Nos vemos,assemblyai,15.911571025848389,0.0,0.0,0.0
Nos vemos,aws,13.673443078994753,0.0,0.0,0.0
Nos vemos,deepgram,1.7578768730163574,0.0,0.0,0.0
No tan bien,sphinx,1.1602928638458252,1.0,0.75,0.9166666666666666
No tan bien,google,1.477449893951416,0.0,0.0,0.0
No tan bien,whisper,1.131087064743042,0.6666666666666666,0.6666666666666666,0.8333333333333334
No tan bien,wit,1.2833309173583984,0.0,0.0,0.0
No tan bien,google_cloud,1.938978910446167,0.0,0.0,0.0
No tan bien,azure,2.77137303352356,0.6666666666666666,0.6666666666666666,0.8333333333333334
No tan bien,houndify,1.7477960586547852,0.6666666666666666,0.6666666666666666,0.8888888888888888
No tan bien,voicegain,3.2359960079193115,0.0,0.0,0.0
No tan bien,picovoice,0.1840412616729736,1.0,1.0,1.0
No tan bien,openai_whisper,1.3687748908996582,0.0,0.0,0.0
No tan bien,vosk,0.1937782764434814,0.0,0.0,0.0
No tan bien,assemblyai,16.114628314971924,0.0,0.0,0.0
No tan bien,aws,16.569726943969727,0.6666666666666666,0.6666666666666666,0.8333333333333334
No tan bien,deepgram,1.277729034423828,0.6666666666666666,0.6666666666666666,0.8333333333333334
Papando moscas,sphinx,1.1400349140167236,2.0,1.0,1.0
Papando moscas,google,1.0820560455322266,0.5,0.5,0.75
Papando moscas,whisper,1.423034906387329,1.0,0.6666666666666666,0.8333333333333334
Papando moscas,wit,2.72416615486145,1.0,0.6666666666666666,0.8333333333333334
Papando moscas,google_cloud,1.436790943145752,1.0,1.0,1.0
Papando moscas,azure,11.980227947235107,0.5,0.5,0.75
Papando moscas,houndify,1.763160228729248,1.0,1.0,1.0
Papando moscas,voicegain,3.395460844039917,0.5,0.5,0.75
Papando moscas,picovoice,0.2005519866943359,1.5,1.0,1.0
Papando moscas,openai_whisper,1.6424009799957275,0.5,0.5,0.75
Papando moscas,vosk,0.2333083152770996,1.0,0.6666666666666666,0.8333333333333334
Papando moscas,assemblyai,10.499545097351074,1.0,1.0,1.0
Papando moscas,aws,17.90836501121521,1.0,0.6666666666666666,0.8333333333333334
Papando moscas,deepgram,1.9070892333984373,0.5,0.5,0.75
Pasa algo,sphinx,1.4680650234222412,1.5,1.0,1.0
Pasa algo,google,1.327234983444214,0.0,0.0,0.0
Pasa algo,whisper,1.5192601680755615,0.0,0.0,0.0
Pasa algo,wit,1.9401421546936035,0.0,0.0,0.0
Pasa algo,google_cloud,1.347637176513672,1.0,1.0,1.0
Pasa algo,azure,2.801180362701416,0.0,0.0,0.0
Pasa algo,houndify,1.6510090827941897,1.0,1.0,1.0
Pasa algo,voicegain,3.197809934616089,0.0,0.0,0.0
Pasa algo,picovoice,0.2162873744964599,1.5,1.0,1.0
Pasa algo,openai_whisper,1.9229052066802976,0.0,0.0,0.0
Pasa algo,vosk,0.2252559661865234,0.0,0.0,0.0
Pasa algo,assemblyai,18.50582981109619,0.0,0.0,0.0
Pasa algo,aws,18.239805936813354,0.0,0.0,0.0
Pasa algo,deepgram,1.6246249675750732,0.0,0.0,0.0
Perdon,sphinx,2.582134962081909,1.0,1.0,1.0
Perdon,google,1.100360870361328,0.0,0.0,0.0
Perdon,whisper,2.375479221343994,1.0,1.0,1.0
Perdon,wit,3.159803867340088,0.0,0.0,0.0
Perdon,google_cloud,2.3513638973236084,1.0,1.0,1.0
Perdon,azure,2.4561409950256348,0.0,0.0,0.0
Perdon,houndify,1.980276346206665,2.0,1.0,1.0
Perdon,voicegain,4.025197744369507,0.0,0.0,0.0
Perdon,picovoice,0.5353879928588867,1.0,1.0,1.0
Perdon,openai_whisper,3.480360269546509,0.0,0.0,0.0
Perdon,vosk,0.2757678031921386,0.0,0.0,0.0
Perdon,assemblyai,9.78169083595276,0.0,0.0,0.0
Perdon,aws,15.828248023986816,0.0,0.0,0.0
Perdon,deepgram,1.908458948135376,0.0,0.0,0.0
Ponte las pilas,sphinx,1.3760318756103516,2.0,1.0,1.0
Ponte las pilas,google,1.694120168685913,0.0,0.0,0.0
Ponte las pilas,whisper,2.9906580448150635,1.0,1.0,1.0
Ponte las pilas,wit,2.0428390502929688,0.0,0.0,0.0
Ponte las pilas,google_cloud,2.3091540336608887,0.0,0.0,0.0
Ponte las pilas,azure,3.275712013244629,0.0,0.0,0.0
Ponte las pilas,houndify,1.907140016555786,1.0,0.6,0.7333333333333334
Ponte las pilas,voicegain,3.1267430782318115,0.3333333333333333,0.25,0.25
Ponte las pilas,picovoice,0.245974063873291,2.0,1.0,1.0
Ponte las pilas,openai_whisper,2.2037911415100098,0.0,0.0,0.0
Ponte las pilas,vosk,0.2271809577941894,0.0,0.0,0.0
Ponte las pilas,assemblyai,10.613091707229614,0.0,0.0,0.0
Ponte las pilas,aws,15.580740928649902,0.0,0.0,0.0
Ponte las pilas,deepgram,1.8120980262756348,0.0,0.0,0.0
Puedo entrar,sphinx,1.1286289691925049,2.5,1.0,1.0
Puedo entrar,google,1.2169790267944336,0.0,0.0,0.0
Puedo entrar,whisper,1.1654868125915527,0.0,0.0,0.0
Puedo entrar,wit,2.0092668533325195,0.0,0.0,0.0
Puedo entrar,google_cloud,1.3324298858642578,1.5,1.0,1.0
Puedo entrar,azure,2.722724914550781,0.0,0.0,0.0
Puedo entrar,houndify,1.6454980373382568,1.5,1.0,1.0
Puedo entrar,voicegain,3.513471841812134,0.0,0.0,0.0
Puedo entrar,picovoice,0.1758711338043213,1.0,1.0,1.0
Puedo entrar,openai_whisper,3.310387134552002,0.0,0.0,0.0
Puedo entrar,vosk,0.1730217933654785,0.0,0.0,0.0
Puedo entrar,assemblyai,10.771608114242554,0.0,0.0,0.0
Puedo entrar,aws,14.6597261428833,0.0,0.0,0.0
Puedo entrar,deepgram,1.5205271244049072,0.0,0.0,0.0
¿Qué es esto?,sphinx,0.9555280208587646,1.0,1.0,1.0
¿Qué es esto?,google,1.137768030166626,0.0,0.0,0.0
¿Qué es esto?,whisper,4.565260887145996,0.3333333333333333,0.3333333333333333,0.5555555555555556
¿Qué es esto?,wit,2.135493040084839,0.0,0.0,0.0
¿Qué es esto?,google_cloud,2.354717969894409,1.0,1.0,1.0
¿Qué es esto?,azure,2.812440156936645,0.3333333333333333,0.3333333333333333,0.5555555555555556
¿Qué es esto?,houndify,1.7263901233673096,0.6666666666666666,0.6666666666666666,0.8333333333333334
¿Qué es esto?,voicegain,3.390580892562866,0.6666666666666666,0.6666666666666666,0.8333333333333334
¿Qué es esto?,picovoice,0.2785451412200928,1.0,1.0,1.0
¿Qué es esto?,openai_whisper,1.520003080368042,0.0,0.0,0.0
¿Qué es esto?,vosk,0.3508720397949219,0.3333333333333333,0.3333333333333333,0.5555555555555556
¿Qué es esto?,assemblyai,10.671473979949951,0.6666666666666666,0.6666666666666666,0.8333333333333334
¿Qué es esto?,aws,17.267632722854614,0.3333333333333333,0.3333333333333333,0.5555555555555556
¿Qué es esto?,deepgram,1.471672773361206,0.6666666666666666,0.6666666666666666,0.8333333333333334
¿Qué haces ahora?,sphinx,1.641671895980835,1.6666666666666667,1.0,1.0
¿Qué haces ahora?,google,1.3001341819763184,0.0,0.0,0.0
¿Qué haces ahora?,whisper,1.42244291305542,0.3333333333333333,0.3333333333333333,0.5555555555555556
¿Qué haces ahora?,wit,2.542340040206909,0.0,0.0,0.0
¿Qué haces ahora?,google_cloud,1.335971117019653,1.0,1.0,1.0
¿Qué haces ahora?,azure,2.649381160736084,0.0,0.0,0.0
¿Qué haces ahora?,houndify,1.7641642093658447,1.3333333333333333,1.0,1.0
¿Qué haces ahora?,voicegain,3.739047288894653,0.0,0.0,0.0
¿Qué haces ahora?,picovoice,0.2252130508422851,1.3333333333333333,1.0,1.0
¿Qué haces ahora?,openai_whisper,1.2761647701263428,0.0,0.0,0.0
¿Qué haces ahora?,vosk,0.2751200199127197,0.0,0.0,0.0
¿Qué haces ahora?,assemblyai,16.06290888786316,0.0,0.0,0.0
¿Qué haces ahora?,aws,17.47309708595276,0.0,0.0,0.0
¿Qué haces ahora?,deepgram,1.576272964477539,0.6666666666666666,0.5,0.6666666666666667
¿Qué hora es?,sphinx,0.7545521259307861,1.0,1.0,1.0
¿Qué hora es?,google,1.3862700462341309,0.6666666666666666,0.6666666666666666,0.8333333333333334
¿Qué hora es?,whisper,1.480329990386963,0.6666666666666666,0.6666666666666666,0.8333333333333334
¿Qué hora es?,wit,1.61181378364563,0.0,0.0,0.0
¿Qué hora es?,google_cloud,1.6909220218658447,1.3333333333333333,1.0,1.0
¿Qué hora es?,azure,2.451964855194092,0.0,0.0,0.0
¿Qué hora es?,houndify,1.614738941192627,1.3333333333333333,1.0,1.0
¿Qué hora es?,voicegain,3.1604561805725098,0.6666666666666666,0.6666666666666666,0.8333333333333334
¿Qué hora es?,picovoice,0.2849211692810058,1.0,1.0,1.0
¿Qué hora es?,openai_whisper,1.1502878665924072,0.0,0.0,0.0
¿Qué hora es?,vosk,0.1641411781311035,0.6666666666666666,0.6666666666666666,0.8333333333333334
¿Qué hora es?,assemblyai,16.19068217277527,0.0,0.0,0.0
¿Qué hora es?,aws,13.728787899017334,0.6666666666666666,0.6666666666666666,0.8333333333333334
¿Qué hora es?,deepgram,2.048043966293335,0.6666666666666666,0.6666666666666666,0.8333333333333334
¿Qué musica te gusta?,sphinx,2.169358015060425,1.5,1.0,1.0
¿Qué musica te gusta?,google,1.215306043624878,0.0,0.0,0.0
¿Qué musica te gusta?,whisper,1.4781670570373535,0.0,0.0,0.0
¿Qué musica te gusta?,wit,1.768847942352295,0.0,0.0,0.0
¿Qué musica te gusta?,google_cloud,2.4296586513519287,1.0,1.0,1.0
¿Qué musica te gusta?,azure,3.236780166625977,0.0,0.0,0.0
¿Qué musica te gusta?,houndify,1.996510982513428,0.75,0.75,0.9375
¿Qué musica te gusta?,voicegain,3.612286806106568,0.25,0.2,0.1999999999999999
¿Qué musica te gusta?,picovoice,0.3336608409881592,1.25,0.8333333333333334,0.9583333333333334
¿Qué musica te gusta?,openai_whisper,1.0935707092285156,0.0,0.0,0.0
¿Qué musica te gusta?,vosk,0.3995068073272705,0.0,0.0,0.0
¿Qué musica te gusta?,assemblyai,9.901170015335085,0.0,0.0,0.0
¿Qué musica te gusta?,aws,14.38505220413208,0.0,0.0,0.0
¿Qué musica te gusta?,deepgram,1.5746259689331057,0.0,0.0,0.0
¿Qué significa eso?,sphinx,1.4582090377807615,1.6666666666666667,1.0,1.0
¿Qué significa eso?,google,1.7493209838867188,0.0,0.0,0.0
¿Qué significa eso?,whisper,1.460329294204712,0.3333333333333333,0.25,0.25
¿Qué significa eso?,wit,2.1999549865722656,0.0,0.0,0.0
¿Qué significa eso?,google_cloud,1.9428110122680664,0.0,0.0,0.0
¿Qué significa eso?,azure,3.285356044769287,0.0,0.0,0.0
¿Qué significa eso?,houndify,1.813499927520752,1.0,1.0,1.0
¿Qué significa eso?,voicegain,4.273375988006592,0.0,0.0,0.0
¿Qué significa eso?,picovoice,0.2487440109252929,1.0,1.0,1.0
¿Qué significa eso?,openai_whisper,1.087805986404419,0.0,0.0,0.0
¿Qué significa eso?,vosk,0.2643539905548095,0.0,0.0,0.0
¿Qué significa eso?,assemblyai,9.836364030838013,0.0,0.0,0.0
¿Qué significa eso?,aws,17.87349796295166,0.3333333333333333,0.25,0.25
¿Qué significa eso?,deepgram,1.7299740314483645,0.0,0.0,0.0
¿Qué tal?,sphinx,0.9373331069946288,1.0,1.0,1.0
¿Qué tal?,google,1.3013348579406738,1.0,0.6666666666666666,0.8333333333333334
¿Qué tal?,whisper,1.4118902683258057,1.0,1.0,1.0
¿Qué tal?,wit,1.663311004638672,1.0,0.6666666666666666,0.8333333333333334
¿Qué tal?,google_cloud,1.8235039710998533,1.0,1.0,1.0
¿Qué tal?,azure,2.7647149562835693,0.0,0.0,0.0
¿Qué tal?,houndify,1.415475845336914,1.0,1.0,1.0
¿Qué tal?,voicegain,3.8409271240234375,1.0,0.6666666666666666,0.8333333333333334
¿Qué tal?,picovoice,0.1370148658752441,1.0,1.0,1.0
¿Qué tal?,openai_whisper,2.2883999347686768,0.0,0.0,0.0
¿Qué tal?,vosk,0.1735754013061523,0.5,0.5,0.75
¿Qué tal?,assemblyai,10.325392246246338,0.0,0.0,0.0
¿Qué tal?,aws,12.513299942016602,0.5,0.3333333333333333,0.3333333333333333
¿Qué tal?,deepgram,1.361079216003418,0.5,0.5,0.5
¿Qué te gusta leer?,sphinx,1.194224834442139,1.25,1.0,1.0
¿Qué te gusta leer?,google,1.3005650043487549,0.0,0.0,0.0
¿Qué te gusta leer?,whisper,1.3738417625427246,0.0,0.0,0.0
¿Qué te gusta leer?,wit,1.9663259983062744,0.0,0.0,0.0
¿Qué te gusta leer?,google_cloud,2.232686758041382,1.0,1.0,1.0
¿Qué te gusta leer?,azure,2.862865924835205,0.0,0.0,0.0
¿Qué te gusta leer?,houndify,1.7383980751037598,1.25,1.0,1.0
¿Qué te gusta leer?,voicegain,4.0171799659729,0.0,0.0,0.0
¿Qué te gusta leer?,picovoice,0.1958992481231689,1.0,1.0,1.0
¿Qué te gusta leer?,openai_whisper,2.037024974822998,0.0,0.0,0.0
¿Qué te gusta leer?,vosk,0.2970852851867676,0.0,0.0,0.0
¿Qué te gusta leer?,assemblyai,10.392040967941284,0.0,0.0,0.0
¿Qué te gusta leer?,aws,15.796828269958496,0.25,0.25,0.4375
¿Qué te gusta leer?,deepgram,2.569101095199585,0.0,0.0,0.0
¿Quieres tomar una copa?,sphinx,1.6893470287322998,1.5,1.0,1.0
¿Quieres tomar una copa?,google,1.6850619316101074,0.0,0.0,0.0
¿Quieres tomar una copa?,whisper,1.2246501445770264,0.5,0.5,0.75
¿Quieres tomar una copa?,wit,2.194355010986328,0.0,0.0,0.0
¿Quieres tomar una copa?,google_cloud,1.730860948562622,1.0,0.8,0.95
¿Quieres tomar una copa?,azure,2.952324151992798,0.0,0.0,0.0
¿Quieres tomar una copa?,houndify,1.7875452041625977,0.0,0.0,0.0
¿Quieres tomar una copa?,voicegain,3.982458114624024,0.0,0.0,0.0
¿Quieres tomar una copa?,picovoice,0.3118679523468017,0.75,0.75,0.9375
¿Quieres tomar una copa?,openai_whisper,2.404350996017456,0.0,0.0,0.0
¿Quieres tomar una copa?,vosk,0.2387399673461914,0.25,0.25,0.4375
¿Quieres tomar una copa?,assemblyai,11.425428867340088,0.0,0.0,0.0
¿Quieres tomar una copa?,aws,14.21772003173828,0.0,0.0,0.0
¿Quieres tomar una copa?,deepgram,1.7415900230407717,0.25,0.25,0.4375
¿Sabes que pasa?,sphinx,1.4348342418670654,1.3333333333333333,1.0,1.0
¿Sabes que pasa?,google,1.3408148288726809,0.0,0.0,0.0
¿Sabes que pasa?,whisper,1.2118980884552002,0.0,0.0,0.0
¿Sabes que pasa?,wit,2.6830532550811768,0.0,0.0,0.0
¿Sabes que pasa?,google_cloud,2.0255112648010254,0.0,0.0,0.0
¿Sabes que pasa?,azure,2.8749561309814453,0.0,0.0,0.0
¿Sabes que pasa?,houndify,1.7234790325164795,0.3333333333333333,0.3333333333333333,0.5555555555555556
¿Sabes que pasa?,voicegain,3.179687976837158,0.0,0.0,0.0
¿Sabes que pasa?,picovoice,0.1864111423492431,1.0,1.0,1.0
¿Sabes que pasa?,openai_whisper,1.6038131713867188,0.0,0.0,0.0
¿Sabes que pasa?,vosk,0.1757228374481201,0.0,0.0,0.0
¿Sabes que pasa?,assemblyai,16.138500213623047,0.0,0.0,0.0
¿Sabes que pasa?,aws,12.993255853652954,0.0,0.0,0.0
¿Sabes que pasa?,deepgram,1.1348538398742676,0.0,0.0,0.0
Salud,sphinx,0.741776704788208,2.0,1.0,1.0
Salud,google,1.0868229866027832,0.0,0.0,0.0
Salud,whisper,1.1975030899047852,1.0,1.0,1.0
Salud,wit,1.4700729846954346,0.0,0.0,0.0
Salud,google_cloud,1.3759338855743408,0.0,0.0,0.0
Salud,azure,2.4366321563720703,0.0,0.0,0.0
Salud,houndify,1.4133262634277344,0.0,0.0,0.0
Salud,voicegain,3.00424599647522,0.0,0.0,0.0
Salud,picovoice,0.1481521129608154,1.0,1.0,1.0
Salud,openai_whisper,1.2185311317443848,1.0,1.0,1.0
Salud,vosk,0.1283938884735107,0.0,0.0,0.0
Salud,assemblyai,9.686972856521606,0.0,0.0,0.0
Salud,aws,12.992268800735474,0.0,0.0,0.0
Salud,deepgram,1.0664479732513428,0.0,0.0,0.0
Soy de estados unidos,sphinx,1.4843997955322266,1.25,1.0,1.0
Soy de estados unidos,google,1.718494892120361,0.5,0.4,0.55
Soy de estados unidos,whisper,1.235879898071289,0.0,0.0,0.0
Soy de estados unidos,wit,2.160363912582397,0.0,0.0,0.0
Soy de estados unidos,google_cloud,1.6040189266204834,0.75,0.6,0.8
Soy de estados unidos,azure,3.0555269718170166,0.0,0.0,0.0
Soy de estados unidos,houndify,2.010277032852173,1.25,1.0,1.0
Soy de estados unidos,voicegain,3.7968437671661377,0.0,0.0,0.0
Soy de estados unidos,picovoice,0.3953948020935058,1.5,1.0,1.0
Soy de estados unidos,openai_whisper,2.4525272846221924,0.0,0.0,0.0
Soy de estados unidos,vosk,0.3336207866668701,0.0,0.0,0.0
Soy de estados unidos,assemblyai,15.944385051727297,0.0,0.0,0.0
Soy de estados unidos,aws,14.382419109344482,0.0,0.0,0.0
Soy de estados unidos,deepgram,1.3994569778442385,0.0,0.0,0.0
¿Te gusta tu trabajo?,sphinx,2.040989875793457,1.0,1.0,1.0
¿Te gusta tu trabajo?,google,1.8850398063659668,0.0,0.0,0.0
¿Te gusta tu trabajo?,whisper,1.177971124649048,0.0,0.0,0.0
¿Te gusta tu trabajo?,wit,2.0373480319976807,0.0,0.0,0.0
¿Te gusta tu trabajo?,google_cloud,1.3309412002563477,0.25,0.25,0.4375
¿Te gusta tu trabajo?,azure,2.801485061645508,0.0,0.0,0.0
¿Te gusta tu trabajo?,houndify,1.7351810932159424,1.0,1.0,1.0
¿Te gusta tu trabajo?,voicegain,3.2500312328338623,0.25,0.25,0.4375
¿Te gusta tu trabajo?,picovoice,0.2449750900268554,1.0,1.0,1.0
¿Te gusta tu trabajo?,openai_whisper,1.7606909275054932,0.0,0.0,0.0
¿Te gusta tu trabajo?,vosk,0.2492079734802246,0.0,0.0,0.0
¿Te gusta tu trabajo?,assemblyai,16.395347118377686,0.0,0.0,0.0
¿Te gusta tu trabajo?,aws,15.085679769515991,0.0,0.0,0.0
¿Te gusta tu trabajo?,deepgram,1.285567045211792,0.25,0.25,0.4375
Trabajo en una escuela,sphinx,2.376372814178467,1.0,1.0,1.0
Trabajo en una escuela,google,1.7223808765411377,0.0,0.0,0.0
Trabajo en una escuela,whisper,1.4761571884155271,0.5,0.5,0.75
Trabajo en una escuela,wit,2.2286226749420166,0.0,0.0,0.0
Trabajo en una escuela,google_cloud,2.1875200271606445,0.0,0.0,0.0
Trabajo en una escuela,azure,2.641270875930786,0.0,0.0,0.0
Trabajo en una escuela,houndify,2.041224241256714,1.25,1.0,1.0
Trabajo en una escuela,voicegain,3.975377082824707,0.25,0.2,0.1999999999999999
Trabajo en una escuela,picovoice,0.3749430179595947,0.25,0.25,0.4375
Trabajo en una escuela,openai_whisper,2.720057725906372,0.0,0.0,0.0
Trabajo en una escuela,vosk,0.4977269172668457,0.0,0.0,0.0
Trabajo en una escuela,assemblyai,10.725030899047852,0.0,0.0,0.0
Trabajo en una escuela,aws,15.908359289169312,0.0,0.0,0.0
Trabajo en una escuela,deepgram,1.2822718620300293,0.0,0.0,0.0
Vivo en california,sphinx,1.6376419067382812,1.0,0.75,0.9166666666666666
Vivo en california,google,1.991150140762329,1.0,0.75,0.9166666666666666
Vivo en california,whisper,1.20467209815979,0.0,0.0,0.0
Vivo en california,wit,2.3685178756713867,0.0,0.0,0.0
Vivo en california,google_cloud,1.7866060733795166,0.6666666666666666,0.6666666666666666,0.8888888888888888
Vivo en california,azure,2.6489548683166504,0.0,0.0,0.0
Vivo en california,houndify,2.146510124206543,0.0,0.0,0.0
Vivo en california,voicegain,4.066400051116943,0.0,0.0,0.0
Vivo en california,picovoice,0.4161880016326904,0.3333333333333333,0.3333333333333333,0.5555555555555556
Vivo en california,openai_whisper,3.087743043899536,0.3333333333333333,0.3333333333333333,0.5555555555555556
Vivo en california,vosk,0.3699908256530761,0.3333333333333333,0.3333333333333333,0.5555555555555556
Vivo en california,assemblyai,16.101505756378174,0.0,0.0,0.0
Vivo en california,aws,16.412707090377808,0.6666666666666666,0.5,0.6666666666666667
Vivo en california,deepgram,1.3916420936584473,0.6666666666666666,0.6666666666666666,0.6666666666666667
¿Y tú?,sphinx,0.802847146987915,1.0,1.0,1.0
¿Y tú?,google,1.0944840908050537,0.0,0.0,0.0
¿Y tú?,whisper,1.16273832321167,0.0,0.0,0.0
¿Y tú?,wit,1.7578675746917725,0.0,0.0,0.0
¿Y tú?,google_cloud,1.2363040447235107,1.0,1.0,1.0
¿Y tú?,azure,2.5370190143585205,0.0,0.0,0.0
¿Y tú?,houndify,1.67071795463562,1.0,1.0,1.0
¿Y tú?,voicegain,2.945913791656494,0.0,0.0,0.0
¿Y tú?,picovoice,0.1462540626525879,1.0,1.0,1.0
¿Y tú?,openai_whisper,1.8571159839630127,0.5,0.5,0.75
¿Y tú?,vosk,0.1306381225585937,0.0,0.0,0.0
¿Y tú?,assemblyai,9.737954139709473,0.5,0.5,0.75
¿Y tú?,aws,16.22523784637451,0.5,0.5,0.75
¿Y tú?,deepgram,1.6014761924743652,0.0,0.0,0.0
